ReservoirName,DamType,FacilityAim,DamHeight,CrestLevel,CrestLength,ImpoundmentVolume,ImpoundmentLevel,StorageLevel,Construction,StartSuperVision,DamName,ReservoirName_1,DamType_1,FacilityAim_1,DamHeight_1,CrestLevel_1,CrestLength_1,ImpoundmentVolume_1,ImpoundmentLevel_1,StorageLevel_1,Construction_1,StartSuperVision_1,OBJECTID,DamName_1
Aarberg,dt1,fa2,15.000000000000000,452.500000000000000,70.000000000000000,1.530000000000000,451.000000000000000,8.480000000000000,1963,1/1/2015,Aarberg,Aarberg,dt1,fa2,15.000000000000000,452.500000000000000,70.000000000000000,1.530000000000000,451.000000000000000,8.480000000000000,1963,1/1/2015,1,Aarberg
Airolo,dt5,fa2,17.000000000000000,1137.160000000000082,83.000000000000000,0.370000000000000,1135.000000000000000,13.770000000000000,1968,1/1/1968,Airolo,Airolo,dt5,fa2,17.000000000000000,1137.160000000000082,83.000000000000000,0.370000000000000,1135.000000000000000,13.770000000000000,1968,1/1/1968,2,Airolo
Albbruck-Dogern,dt1,fa2,15.000000000000000,312.240000000000009,145.000000000000000,10.000000000000000,311.240000000000009,12.500000000000000,1933,1/1/2013,Albbruck-Dogern,Albbruck-Dogern,dt1,fa2,15.000000000000000,312.240000000000009,145.000000000000000,10.000000000000000,311.240000000000009,12.500000000000000,1933,1/1/2013,3,Albbruck-Dogern
Albigna,dt5,fa2,115.000000000000000,2165.000000000000000,759.000000000000000,69.000000000000000,2161.000000000000000,109.000000000000000,1959,1/1/1959,Albigna,Albigna,dt5,fa2,115.000000000000000,2165.000000000000000,759.000000000000000,69.000000000000000,2161.000000000000000,109.000000000000000,1959,1/1/1959,4,Albigna
Alp Dado,dt7,fa7,24.000000000000000,2060.000000000000000,210.000000000000000,0.060000000000000,2059.000000000000000,10.750000000000000,1995,8/30/1994,Alp Dado,Alp Dado,dt7,fa7,24.000000000000000,2060.000000000000000,210.000000000000000,0.060000000000000,2059.000000000000000,10.750000000000000,1995,8/30/1994,5,Alp Dado
Le Pontet,dt5,fa2,16.000000000000000,778.000000000000000,26.600000000000001,0.070000000000000,792.000000000000000,17.000000000000000,1937,1/1/1970,Ancien Jougnenaz,Le Pontet,dt5,fa2,16.000000000000000,778.000000000000000,26.600000000000001,0.070000000000000,792.000000000000000,17.000000000000000,1937,1/1/1970,6,Ancien Jougnenaz
Arnensee,dt7,fa2,17.000000000000000,1545.000000000000000,140.000000000000000,4.800000000000000,1542.500000000000000,11.500000000000000,1942,1/1/1954,Arnensee (Arnon),Arnensee,dt7,fa2,17.000000000000000,1545.000000000000000,140.000000000000000,4.800000000000000,1542.500000000000000,11.500000000000000,1942,1/1/1954,7,Arnensee (Arnon)
Arniboden,dt7,fa2,2.000000000000000,1370.869999999999891,60.000000000000000,0.240000000000000,1369.700000000000045,10.500000000000000,1910,1/1/1954,Arniboden Nord,Arniboden,dt7,fa2,2.000000000000000,1370.869999999999891,60.000000000000000,0.240000000000000,1369.700000000000045,10.500000000000000,1910,1/1/1954,8,Arniboden Nord
Arniboden,dt7,fa2,12.000000000000000,1370.769999999999982,67.000000000000000,0.240000000000000,1369.700000000000045,10.500000000000000,1910,1/1/1954,Arniboden Ost,Arniboden,dt7,fa2,2.000000000000000,1370.869999999999891,60.000000000000000,0.240000000000000,1369.700000000000045,10.500000000000000,1910,1/1/1954,8,Arniboden Nord
Arniboden,dt7,fa2,15.000000000000000,1370.769999999999982,74.000000000000000,0.240000000000000,1369.700000000000045,10.500000000000000,1910,1/1/1954,Arniboden Süd,Arniboden,dt7,fa2,2.000000000000000,1370.869999999999891,60.000000000000000,0.240000000000000,1369.700000000000045,10.500000000000000,1910,1/1/1954,8,Arniboden Nord
Arniboden,dt7,fa2,4.000000000000000,1370.710000000000036,80.000000000000000,0.240000000000000,1369.700000000000045,10.500000000000000,1910,1/1/1954,Arniboden West,Arniboden,dt7,fa2,2.000000000000000,1370.869999999999891,60.000000000000000,0.240000000000000,1369.700000000000045,10.500000000000000,1910,1/1/1954,8,Arniboden Nord
Augst-Wyhlen,dt1,fa2,22.000000000000000,272.139999999999986,212.800000000000011,6.300000000000000,261.000000000000000,6.600000000000000,1912,1/1/2013,Augst-Wyhlen,Augst-Wyhlen,dt1,fa2,22.000000000000000,272.139999999999986,212.800000000000011,6.300000000000000,261.000000000000000,6.600000000000000,1912,1/1/2013,12,Augst-Wyhlen
Bannalp,dt7,fa2,32.000000000000000,1589.099999999999909,185.000000000000000,1.700000000000000,1586.799999999999955,34.299999999999997,1937,1/1/1954,Bannalp,Bannalp,dt7,fa2,32.000000000000000,1589.099999999999909,185.000000000000000,1.700000000000000,1586.799999999999955,34.299999999999997,1937,1/1/1954,13,Bannalp
Bannwil,dt1,fa2,15.000000000000000,419.300000000000011,80.000000000000000,4.430000000000000,417.300000000000011,8.130000000000001,1970,1/1/2015,Bannwil,Bannwil,dt1,fa2,15.000000000000000,419.300000000000011,80.000000000000000,4.430000000000000,417.300000000000011,8.130000000000001,1970,1/1/2015,14,Bannwil
Barcuns,dt5,fa2,36.799999999999997,1368.000000000000000,153.000000000000000,0.220000000000000,1365.000000000000000,27.000000000000000,1947,1/1/1954,Barcuns,Barcuns,dt5,fa2,36.799999999999997,1368.000000000000000,153.000000000000000,0.220000000000000,1365.000000000000000,27.000000000000000,1947,1/1/1954,15,Barcuns
Bärenburg,dt5,fa2,64.000000000000000,1083.700000000000045,110.000000000000000,1.400000000000000,1080.000000000000000,60.000000000000000,1960,1/1/1960,Bärenburg,Bärenburg,dt5,fa2,64.000000000000000,1083.700000000000045,110.000000000000000,1.400000000000000,1080.000000000000000,60.000000000000000,1960,1/1/1960,16,Bärenburg
Bettmersee,dt7,fa5,9.150000000000000,2010.799999999999955,135.000000000000000,0.560000000000000,2009.039999999999964,7.400000000000000,1949,1/1/1954,Bettmersee,Bettmersee,dt7,fa5,9.150000000000000,2010.799999999999955,135.000000000000000,0.560000000000000,2009.039999999999964,7.400000000000000,1949,1/1/1954,17,Bettmersee
Beznau,dt1,fa2,10.000000000000000,326.500000000000000,116.500000000000000,1.550000000000000,325.250000000000000,5.480000000000000,1986,1/1/2015,Beznau,Beznau,dt1,fa2,10.000000000000000,326.500000000000000,116.500000000000000,1.550000000000000,325.250000000000000,5.480000000000000,1986,1/1/2015,18,Beznau
Birsfelden,dt1,fa2,15.000000000000000,255.000000000000000,157.000000000000000,9.949999999999999,254.250000000000000,9.600000000000000,1954,1/1/2013,Birsfelden,Birsfelden,dt1,fa2,15.000000000000000,255.000000000000000,157.000000000000000,9.949999999999999,254.250000000000000,9.600000000000000,1954,1/1/2013,19,Birsfelden
Bortelsee,dt3,fa2,20.000000000000000,2465.500000000000000,310.000000000000000,1.660000000000000,2463.469999999999800,13.470000000000001,1989,8/21/1989,Bortelsee,Bortelsee,dt3,fa2,20.000000000000000,2465.500000000000000,310.000000000000000,1.660000000000000,2463.469999999999800,13.470000000000001,1989,8/21/1989,20,Bortelsee
Bremgarten-Zufikon,dt1,fa2,19.000000000000000,381.300000000000011,135.000000000000000,2.200000000000000,380.000000000000000,14.000000000000000,1975,1/1/1975,Bremgarten-Zufikon,Bremgarten-Zufikon,dt1,fa2,19.000000000000000,381.300000000000011,135.000000000000000,2.200000000000000,380.000000000000000,14.000000000000000,1975,1/1/1975,21,Bremgarten-Zufikon
Brigels,dt7,fa2,19.000000000000000,1258.200000000000045,120.000000000000000,0.300000000000000,1255.000000000000000,15.000000000000000,1960,1/1/1960,Brigels,Brigels,dt7,fa2,19.000000000000000,1258.200000000000045,120.000000000000000,0.300000000000000,1255.000000000000000,15.000000000000000,1960,1/1/1960,22,Brigels
Buchholz,dt5,fa2,16.000000000000000,613.850000000000023,43.000000000000000,0.040000000000000,612.100000000000023,16.000000000000000,1892,1/1/1954,Buchholz,Buchholz,dt5,fa2,16.000000000000000,613.850000000000023,43.000000000000000,0.040000000000000,612.100000000000023,16.000000000000000,1892,1/1/1954,23,Buchholz
Burvagn,dt5,fa2,20.149999999999999,1119.150000000000091,71.000000000000000,0.240000000000000,1117.000000000000000,12.000000000000000,1949,1/1/1954,Burvagn,Burvagn,dt5,fa2,20.149999999999999,1119.150000000000091,71.000000000000000,0.240000000000000,1117.000000000000000,12.000000000000000,1949,1/1/1954,24,Burvagn
Carassina,dt8,fa2,38.600000000000001,1708.599999999999909,115.000000000000000,0.280000000000000,1707.299999999999955,33.299999999999997,1963,1/1/1963,Carassina,Carassina,dt8,fa2,38.600000000000001,1708.599999999999909,115.000000000000000,0.280000000000000,1707.299999999999955,33.299999999999997,1963,1/1/1963,25,Carassina
Carmena,dt8,fa2,39.000000000000000,639.000000000000000,99.000000000000000,0.300000000000000,636.500000000000000,36.500000000000000,1968,1/1/1969,Carmena,Carmena,dt8,fa2,39.000000000000000,639.000000000000000,99.000000000000000,0.300000000000000,636.500000000000000,36.500000000000000,1968,1/1/1969,26,Carmena
Cavagnoli,dt8,fa2,111.000000000000000,2311.000000000000000,317.000000000000000,29.109999999999999,2310.000000000000000,110.000000000000000,1968,1/1/1968,Cavagnoli,Cavagnoli,dt8,fa2,111.000000000000000,2311.000000000000000,317.000000000000000,29.109999999999999,2310.000000000000000,110.000000000000000,1968,1/1/1968,27,Cavagnoli
Chancy-Pougny ,dt1,fa2,18.000000000000000,348.500000000000000,78.000000000000000,4.000000000000000,347.000000000000000,9.859999999999999,1924,1/1/1954,Chancy-Pougny,Chancy-Pougny ,dt1,fa2,18.000000000000000,348.500000000000000,78.000000000000000,4.000000000000000,347.000000000000000,9.859999999999999,1924,1/1/1954,28,Chancy-Pougny
Chapfensee,dt5,fa2,20.000000000000000,1031.500000000000000,124.000000000000000,0.470000000000000,1030.000000000000000,17.000000000000000,1948,1/1/1954,Chapfensee Nord,Chapfensee,dt5,fa2,20.000000000000000,1031.500000000000000,124.000000000000000,0.470000000000000,1030.000000000000000,17.000000000000000,1948,1/1/1954,29,Chapfensee Nord
Chapfensee,dt5,fa2,12.000000000000000,1031.500000000000000,141.000000000000000,0.470000000000000,1030.000000000000000,17.000000000000000,1948,1/1/1954,Chapfensee Ost,Chapfensee,dt5,fa2,20.000000000000000,1031.500000000000000,124.000000000000000,0.470000000000000,1030.000000000000000,17.000000000000000,1948,1/1/1954,29,Chapfensee Nord
Châtelard CFF,dt7,fa2,33.000000000000000,1117.500000000000000,125.000000000000000,0.250000000000000,1116.500000000000000,26.000000000000000,1975,1/1/1975,Châtelard CFF,Châtelard CFF,dt7,fa2,33.000000000000000,1117.500000000000000,125.000000000000000,0.250000000000000,1116.500000000000000,26.000000000000000,1975,1/1/1975,31,Châtelard CFF
Châtelard ESA,dt5,fa2,11.000000000000000,1123.000000000000000,230.000000000000000,0.103000000000000,1122.000000000000000,10.420000000000000,1972,1/1/1972,Châtelard ESA,Châtelard ESA,dt5,fa2,11.000000000000000,1123.000000000000000,230.000000000000000,0.103000000000000,1122.000000000000000,10.420000000000000,1972,1/1/1972,32,Châtelard ESA
Châtelot,dt8,fa2,74.000000000000000,719.000000000000000,150.000000000000000,18.800000000000001,716.000000000000000,74.000000000000000,1953,1/1/1954,Châtelot,Châtelot,dt8,fa2,74.000000000000000,719.000000000000000,150.000000000000000,18.800000000000001,716.000000000000000,74.000000000000000,1953,1/1/1954,33,Châtelot
Cleuson,dt5,fa2,87.000000000000000,2187.000000000000000,420.000000000000000,20.000000000000000,2186.500000000000000,86.500000000000000,1950,1/1/1954,Cleuson,Cleuson,dt5,fa2,87.000000000000000,2187.000000000000000,420.000000000000000,20.000000000000000,2186.500000000000000,86.500000000000000,1950,1/1/1954,34,Cleuson
Contra,dt8,fa2,220.000000000000000,473.449999999999989,380.000000000000000,105.000000000000000,470.000000000000000,210.000000000000000,1965,7/10/1972,Contra,Contra,dt8,fa2,220.000000000000000,473.449999999999989,380.000000000000000,105.000000000000000,470.000000000000000,210.000000000000000,1965,7/10/1972,35,Contra
Corina,dt7,fa2,11.000000000000000,1191.700000000000045,450.000000000000000,0.120000000000000,1190.000000000000000,6.900000000000000,1959,1/1/1959,Corina,Corina,dt7,fa2,11.000000000000000,1191.700000000000045,450.000000000000000,0.120000000000000,1190.000000000000000,6.900000000000000,1959,1/1/1959,36,Corina
Sufers,dt7,fa2,10.000000000000000,1404.000000000000000,244.000000000000000,21.399999999999999,1401.000000000000000,58.000000000000000,1962,1/1/1962,Crestawalddamm (Sufers),Sufers,dt7,fa2,10.000000000000000,1404.000000000000000,244.000000000000000,21.399999999999999,1401.000000000000000,58.000000000000000,1962,1/1/1962,37,Crestawalddamm (Sufers)
Croix,dt7,fa2,15.000000000000000,919.500000000000000,100.000000000000000,0.100000000000000,918.000000000000000,13.000000000000000,1955,1/1/1955,Croix,Croix,dt7,fa2,15.000000000000000,919.500000000000000,100.000000000000000,0.100000000000000,918.000000000000000,13.000000000000000,1955,1/1/1955,38,Croix
Curnera,dt8,fa2,153.000000000000000,1957.700000000000045,350.000000000000000,41.100000000000001,1956.000000000000000,141.000000000000000,1966,1/1/1966,Curnera,Curnera,dt8,fa2,153.000000000000000,1957.700000000000045,350.000000000000000,41.100000000000001,1956.000000000000000,141.000000000000000,1966,1/1/1966,39,Curnera
Darbola,dt5,fa2,23.199999999999999,1153.700000000000045,146.900000000000006,0.110000000000000,1152.000000000000000,17.399999999999999,1958,1/1/1958,Darbola,Darbola,dt5,fa2,23.199999999999999,1153.700000000000045,146.900000000000006,0.110000000000000,1152.000000000000000,17.399999999999999,1958,1/1/1958,40,Darbola
Drachtenloch,dt7,fa1,14.699999999999999,475.699999999999989,77.000000000000000,0.120000000000000,473.199999999999989,10.500000000000000,2005,1/1/2005,Drachtenloch,Drachtenloch,dt7,fa1,14.699999999999999,475.699999999999989,77.000000000000000,0.120000000000000,473.199999999999989,10.500000000000000,2005,1/1/2005,41,Drachtenloch
Eggen,dt7,fa2,10.000000000000000,1597.500000000000000,250.000000000000000,0.050000000000000,1596.500000000000000,9.000000000000000,1958,1/1/1958,Eggen,Eggen,dt7,fa2,10.000000000000000,1597.500000000000000,250.000000000000000,0.050000000000000,1596.500000000000000,9.000000000000000,1958,1/1/1958,42,Eggen
Eglisau,dt1,fa2,20.000000000000000,343.990000000000009,114.000000000000000,7.000000000000000,343.480000000000018,12.740000000000000,1920,1/1/2013,Eglisau,Eglisau,dt1,fa2,20.000000000000000,343.990000000000009,114.000000000000000,7.000000000000000,343.480000000000018,12.740000000000000,1920,1/1/2013,43,Eglisau
Egschi,dt5,fa2,45.000000000000000,1152.200000000000045,80.000000000000000,0.550000000000000,1151.000000000000000,22.000000000000000,1949,1/1/1954,Egschi,Egschi,dt5,fa2,45.000000000000000,1152.200000000000045,80.000000000000000,0.550000000000000,1151.000000000000000,22.000000000000000,1949,1/1/1954,44,Egschi
Emosson,dt8,fa2,180.000000000000000,1931.500000000000000,554.000000000000000,227.000000000000000,1930.000000000000000,178.500000000000000,1974,1/1/1974,Emosson,Emosson,dt8,fa2,180.000000000000000,1931.500000000000000,554.000000000000000,227.000000000000000,1930.000000000000000,178.500000000000000,1974,1/1/1974,45,Emosson
Engeweiher,dt7,fa2,7.000000000000000,545.750000000000000,580.000000000000000,0.082000000000000,544.950000000000045,2.510000000000000,1909,1/1/1954,Engeweiher,Engeweiher,dt7,fa2,7.000000000000000,545.750000000000000,580.000000000000000,0.082000000000000,544.950000000000045,2.510000000000000,1909,1/1/1954,46,Engeweiher
Fah,dt5,fa2,13.000000000000000,1761.000000000000000,50.000000000000000,0.041000000000000,1759.000000000000000,10.500000000000000,1981,1/1/1981,Fah,Fah,dt5,fa2,13.000000000000000,1761.000000000000000,50.000000000000000,0.041000000000000,1759.000000000000000,10.500000000000000,1981,1/1/1981,47,Fah
Ferden,dt8,fa2,67.000000000000000,1314.000000000000000,126.099999999999994,1.890000000000000,1311.000000000000000,67.000000000000000,1975,1/1/1975,Ferden,Ferden,dt8,fa2,67.000000000000000,1314.000000000000000,126.099999999999994,1.890000000000000,1311.000000000000000,67.000000000000000,1975,1/1/1975,48,Ferden
Ferpècle,dt8,fa2,28.399999999999999,1895.799999999999955,91.000000000000000,0.110000000000000,1894.500000000000000,27.100000000000001,1963,1/1/1964,Ferpècle,Ferpècle,dt8,fa2,28.399999999999999,1895.799999999999955,91.000000000000000,0.110000000000000,1894.500000000000000,27.100000000000001,1963,1/1/1964,49,Ferpècle
Fionnay FMM,dt7,fa2,13.000000000000000,1493.500000000000000,250.000000000000000,0.158000000000000,1492.500000000000000,13.000000000000000,1956,1/1/1956,Fionnay FMM,Fionnay FMM,dt7,fa2,13.000000000000000,1493.500000000000000,250.000000000000000,0.158000000000000,1492.500000000000000,13.000000000000000,1956,1/1/1956,50,Fionnay FMM
Fionnay GD,dt7,fa2,22.879999999999999,1486.880000000000109,40.000000000000000,0.210000000000000,1486.000000000000000,22.000000000000000,1957,1/1/1957,Fionnay GD,Fionnay GD,dt7,fa2,22.879999999999999,1486.880000000000109,40.000000000000000,0.210000000000000,1486.000000000000000,22.000000000000000,1957,1/1/1957,51,Fionnay GD
Flumenthal,dt1,fa2,18.000000000000000,427.350000000000023,47.000000000000000,4.000000000000000,426.000000000000000,9.000000000000000,1970,1/1/1954,Flumenthal,Flumenthal,dt1,fa2,18.000000000000000,427.350000000000023,47.000000000000000,4.000000000000000,426.000000000000000,9.000000000000000,1970,1/1/1954,52,Flumenthal
Formigario,dt8,fa1,34.200000000000003,1064.690000000000055,28.180000000000000,0.035000000000000,1064.690000000000055,34.200000000000003,1870,8/16/2006,Formigario B18,Formigario,dt8,fa1,34.200000000000003,1064.690000000000055,28.180000000000000,0.035000000000000,1064.690000000000055,34.200000000000003,1870,8/16/2006,53,Formigario B18
Fully,dt6,fa2,11.050000000000001,2135.710000000000036,109.599999999999994,2.080000000000000,2128.579999999999927,12.000000000000000,1914,1/1/1954,Fully,Fully,dt6,fa2,11.050000000000001,2135.710000000000036,109.599999999999994,2.080000000000000,2128.579999999999927,12.000000000000000,1914,1/1/1954,54,Fully
Garichte,dt5,fa2,42.000000000000000,1624.750000000000000,230.000000000000000,3.290000000000000,1623.349999999999909,30.850000000000001,1931,1/1/1954,Garichte Hauptmauer,Garichte,dt5,fa2,42.000000000000000,1624.750000000000000,230.000000000000000,3.290000000000000,1623.349999999999909,30.850000000000001,1931,1/1/1954,55,Garichte Hauptmauer
Garichte,dt5,fa2,18.000000000000000,1624.750000000000000,254.000000000000000,3.290000000000000,1623.349999999999909,30.850000000000001,1931,1/1/1954,Garichte Nebenmauer,Garichte,dt5,fa2,42.000000000000000,1624.750000000000000,230.000000000000000,3.290000000000000,1623.349999999999909,30.850000000000001,1931,1/1/1954,55,Garichte Hauptmauer
Gebidem,dt8,fa2,122.000000000000000,1439.000000000000000,327.000000000000000,9.199999999999999,1436.500000000000000,122.000000000000000,1967,1/1/1967,Gebidem,Gebidem,dt8,fa2,122.000000000000000,1439.000000000000000,327.000000000000000,9.199999999999999,1436.500000000000000,122.000000000000000,1967,1/1/1967,57,Gebidem
Gelmer,dt5,fa2,35.000000000000000,1850.740000000000009,370.000000000000000,13.000000000000000,1849.740000000000009,30.739999999999998,1929,1/1/1954,Gelmer,Gelmer,dt5,fa2,35.000000000000000,1850.740000000000009,370.000000000000000,13.000000000000000,1849.740000000000009,30.739999999999998,1929,1/1/1954,58,Gelmer
Giétroz-du-Fond,dt5,fa2,13.900000000000000,1816.500000000000000,22.399999999999999,0.020000000000000,1815.799999999999955,11.800000000000001,1965,1/1/1965,Giétroz-du-Fond,Giétroz-du-Fond,dt5,fa2,13.900000000000000,1816.500000000000000,22.399999999999999,0.020000000000000,1815.799999999999955,11.800000000000001,1965,1/1/1965,59,Giétroz-du-Fond
Gigerwald,dt8,fa2,137.000000000000000,1337.000000000000000,430.000000000000000,35.000000000000000,1335.000000000000000,122.000000000000000,1976,1/1/1976,Gigerwald,Gigerwald,dt8,fa2,137.000000000000000,1337.000000000000000,430.000000000000000,35.000000000000000,1335.000000000000000,122.000000000000000,1976,1/1/1976,60,Gigerwald
Godey,dt7,fa2,35.000000000000000,1401.000000000000000,170.000000000000000,0.930000000000000,1398.000000000000000,32.000000000000000,1974,1/1/1974,Godey,Godey,dt7,fa2,35.000000000000000,1401.000000000000000,170.000000000000000,0.930000000000000,1398.000000000000000,32.000000000000000,1974,1/1/1974,61,Godey
Göscheneralp,dt3,fa2,155.000000000000000,1797.000000000000000,540.000000000000000,76.000000000000000,1792.000000000000000,95.000000000000000,1960,1/1/1960,Göscheneralp,Göscheneralp,dt3,fa2,155.000000000000000,1797.000000000000000,540.000000000000000,76.000000000000000,1792.000000000000000,95.000000000000000,1960,1/1/1960,62,Göscheneralp
Göschenerreuss,dt5,fa2,35.000000000000000,1085.000000000000000,53.000000000000000,0.100000000000000,1083.750000000000000,24.750000000000000,1948,1/1/1954,Göschenerreuss,Göschenerreuss,dt5,fa2,35.000000000000000,1085.000000000000000,53.000000000000000,0.100000000000000,1083.750000000000000,24.750000000000000,1948,1/1/1954,63,Göschenerreuss
Gösgen,dt1,fa2,18.000000000000000,390.240000000000009,98.000000000000000,1.400000000000000,388.139999999999986,8.550000000000001,1917,1/1/2015,Gösgen,Gösgen,dt1,fa2,18.000000000000000,390.240000000000009,98.000000000000000,1.400000000000000,388.139999999999986,8.550000000000001,1917,1/1/2015,64,Gösgen
Grande Dixence,dt5,fa2,285.000000000000000,2365.000000000000000,695.000000000000000,385.000000000000000,2364.000000000000000,284.000000000000000,1961,7/10/1972,Grande Dixence,Grande Dixence,dt5,fa2,285.000000000000000,2365.000000000000000,695.000000000000000,385.000000000000000,2364.000000000000000,284.000000000000000,1961,7/10/1972,65,Grande Dixence
Greuel,dt7,fa1,17.000000000000000,503.000000000000000,157.000000000000000,0.110000000000000,501.000000000000000,10.000000000000000,1984,1/1/1984,Greuel,Greuel,dt7,fa1,17.000000000000000,503.000000000000000,157.000000000000000,0.110000000000000,501.000000000000000,10.000000000000000,1984,1/1/1984,66,Greuel
Gries,dt5,fa2,60.000000000000000,2387.500000000000000,400.000000000000000,18.699999999999999,2386.500000000000000,59.000000000000000,1965,1/1/1965,Gries,Gries,dt5,fa2,60.000000000000000,2387.500000000000000,400.000000000000000,18.699999999999999,2386.500000000000000,59.000000000000000,1965,1/1/1965,67,Gries
Gruben,dt7,fa7,17.000000000000000,0.000000000000000,0.000000000000000,0.159000000000000,2347.000000000000000,0.000000000000000,1995,1/1/2022,Gruben,Gruben,dt7,fa7,17.000000000000000,0.000000000000000,0.000000000000000,0.159000000000000,2347.000000000000000,0.000000000000000,1995,1/1/2022,68,Gruben
Gübsensee,dt7,fa2,7.000000000000000,684.000000000000000,210.000000000000000,0.960000000000000,682.299999999999955,10.300000000000001,1900,1/1/1954,Gübsensee Nord,Gübsensee,dt7,fa2,7.000000000000000,684.000000000000000,210.000000000000000,0.960000000000000,682.299999999999955,10.300000000000001,1900,1/1/1954,69,Gübsensee Nord
Gübsensee,dt5,fa2,24.000000000000000,683.549999999999955,105.000000000000000,0.960000000000000,682.299999999999955,10.300000000000001,1900,1/1/1954,Gübsensee Ost,Gübsensee,dt7,fa2,7.000000000000000,684.000000000000000,210.000000000000000,0.960000000000000,682.299999999999955,10.300000000000001,1900,1/1/1954,69,Gübsensee Nord
Gübsensee,dt7,fa2,17.000000000000000,684.000000000000000,170.000000000000000,0.960000000000000,682.299999999999955,10.300000000000001,1900,1/1/1954,Gübsensee West,Gübsensee,dt7,fa2,7.000000000000000,684.000000000000000,210.000000000000000,0.960000000000000,682.299999999999955,10.300000000000001,1900,1/1/1954,69,Gübsensee Nord
Hagneck,dt1,fa2,15.000000000000000,438.750000000000000,100.000000000000000,0.550000000000000,437.750000000000000,7.650000000000000,2015,1/1/2023,Hagneck,Hagneck,dt1,fa2,15.000000000000000,438.750000000000000,100.000000000000000,0.550000000000000,437.750000000000000,7.650000000000000,2015,1/1/2023,72,Hagneck
Handeck,dt7,fa2,16.000000000000000,1302.940000000000055,145.000000000000000,0.082000000000000,1301.740000000000009,9.199999999999999,1942,1/1/1954,Handeck,Handeck,dt7,fa2,16.000000000000000,1302.940000000000055,145.000000000000000,0.082000000000000,1301.740000000000009,9.199999999999999,1942,1/1/1954,73,Handeck
Heidsee oberer,dt7,fa5,5.000000000000000,1485.690000000000055,360.000000000000000,0.490000000000000,1484.190000000000055,2.250000000000000,1919,1/1/1954,"Heidsee, Oberer",Heidsee oberer,dt7,fa5,5.000000000000000,1485.690000000000055,360.000000000000000,0.490000000000000,1484.190000000000055,2.250000000000000,1919,1/1/1954,74,"Heidsee, Oberer"
Heidsee unterer,dt7,fa5,10.000000000000000,1483.740000000000009,180.000000000000000,0.230000000000000,1482.440000000000055,8.000000000000000,1919,1/1/1954,"Heidsee, Unterer",Heidsee unterer,dt7,fa5,10.000000000000000,1483.740000000000009,180.000000000000000,0.230000000000000,1482.440000000000055,8.000000000000000,1919,1/1/1954,75,"Heidsee, Unterer"
Hintersand,dt7,fa2,10.000000000000000,1299.000000000000000,400.000000000000000,0.110000000000000,1298.000000000000000,6.750000000000000,1962,1/1/1962,Hintersand,Hintersand,dt7,fa2,10.000000000000000,1299.000000000000000,400.000000000000000,0.110000000000000,1298.000000000000000,6.750000000000000,1962,1/1/1962,76,Hintersand
Hongrin,dt8,fa2,123.000000000000000,1257.000000000000000,325.000000000000000,53.200000000000003,1255.000000000000000,115.000000000000000,1969,1/1/1969,Hongrin Nord,Brigels,dt7,fa2,19.000000000000000,1258.200000000000045,120.000000000000000,0.300000000000000,1255.000000000000000,15.000000000000000,1960,1/1/1960,22,Brigels
Hongrin,dt8,fa2,95.000000000000000,1257.000000000000000,272.000000000000000,53.200000000000003,1255.000000000000000,115.000000000000000,1969,1/1/1969,Hongrin Sud,Brigels,dt7,fa2,19.000000000000000,1258.200000000000045,120.000000000000000,0.300000000000000,1255.000000000000000,15.000000000000000,1960,1/1/1960,22,Brigels
Sihlsee,dt7,fa2,15.000000000000000,892.429999999999950,155.000000000000000,50.799999999999997,889.340000000000032,27.000000000000000,1937,1/1/1954,Hühnermatt (Sihlsee),Sihlsee,dt7,fa2,15.000000000000000,892.429999999999950,155.000000000000000,50.799999999999997,889.340000000000032,27.000000000000000,1937,1/1/1954,79,Hühnermatt (Sihlsee)
Illgraben,dt5,fa1,49.500000000000000,1041.500000000000000,64.500000000000000,0.300000000000000,1039.000000000000000,43.500000000000000,1969,1/1/1970,Illgraben,Illgraben,dt5,fa1,49.500000000000000,1041.500000000000000,64.500000000000000,0.300000000000000,1039.000000000000000,43.500000000000000,1969,1/1/1970,80,Illgraben
Illsee,dt5,fa2,25.000000000000000,2361.320000000000164,270.000000000000000,6.500000000000000,2360.000000000000000,25.000000000000000,1927,1/1/1954,Illsee,Illsee,dt5,fa2,25.000000000000000,2361.320000000000164,270.000000000000000,6.500000000000000,2360.000000000000000,25.000000000000000,1927,1/1/1954,81,Illsee
Sihlsee,dt5,fa2,33.500000000000000,891.740000000000009,127.200000000000003,50.799999999999997,889.340000000000032,27.000000000000000,1936,1/1/1954,In den Schlagen (Sihlsee),Sihlsee,dt7,fa2,15.000000000000000,892.429999999999950,155.000000000000000,50.799999999999997,889.340000000000032,27.000000000000000,1937,1/1/1954,79,Hühnermatt (Sihlsee)
Ferrera,dt5,fa2,28.000000000000000,1446.000000000000000,61.000000000000000,0.320000000000000,1443.000000000000000,18.000000000000000,1961,2/10/1978,Innerferrera,Ferrera,dt5,fa2,28.000000000000000,1446.000000000000000,61.000000000000000,0.320000000000000,1443.000000000000000,18.000000000000000,1961,2/10/1978,83,Innerferrera
Isola,dt6,fa2,45.000000000000000,1605.000000000000000,290.000000000000000,6.500000000000000,1604.000000000000000,41.000000000000000,1960,1/1/1960,Isola,Isola,dt6,fa2,45.000000000000000,1605.000000000000000,290.000000000000000,6.500000000000000,1604.000000000000000,41.000000000000000,1960,1/1/1960,84,Isola
Jonenbach,dt7,fa1,19.350000000000001,516.350000000000023,163.000000000000000,0.391000000000000,513.350000000000023,17.350000000000001,2006,1/1/2006,Jonenbach,Jonenbach,dt7,fa1,19.350000000000001,516.350000000000023,163.000000000000000,0.391000000000000,513.350000000000023,17.350000000000001,2006,1/1/2006,85,Jonenbach
Käppelistutz,dt5,fa2,16.539999999999999,797.799999999999955,44.700000000000003,0.060000000000000,795.500000000000000,14.240000000000000,1945,1/1/1954,Käppelistutz,Käppelistutz,dt5,fa2,16.539999999999999,797.799999999999955,44.700000000000003,0.060000000000000,795.500000000000000,14.240000000000000,1945,1/1/1954,86,Käppelistutz
Klingnau,dt1,fa2,15.000000000000000,320.000000000000000,133.500000000000000,3.010000000000000,318.399999999999977,5.420000000000000,1935,1/1/2015,Klingnau,Klingnau,dt1,fa2,15.000000000000000,320.000000000000000,133.500000000000000,3.010000000000000,318.399999999999977,5.420000000000000,1935,1/1/2015,87,Klingnau
La Fouly,dt5,fa2,18.000000000000000,1576.000000000000000,58.000000000000000,0.023000000000000,1574.000000000000000,8.000000000000000,1972,1/1/1972,La Fouly,La Fouly,dt5,fa2,18.000000000000000,1576.000000000000000,58.000000000000000,0.023000000000000,1574.000000000000000,8.000000000000000,1972,1/1/1972,88,La Fouly
Lago Bianco,dt5,fa2,12.900000000000000,2235.750000000000000,290.000000000000000,18.600000000000001,2234.650000000000091,16.300000000000001,1911,1/1/1954,Lago Bianco Nord,Lago Bianco,dt5,fa2,12.900000000000000,2235.750000000000000,290.000000000000000,18.600000000000001,2234.650000000000091,16.300000000000001,1911,1/1/1954,89,Lago Bianco Nord
Lago Bianco,dt5,fa2,26.000000000000000,2237.000000000000000,190.000000000000000,18.600000000000001,2234.650000000000091,16.300000000000001,1911,1/1/1954,Lago Bianco Süd,Lago Bianco,dt5,fa2,12.900000000000000,2235.750000000000000,290.000000000000000,18.600000000000001,2234.650000000000091,16.300000000000001,1911,1/1/1954,89,Lago Bianco Nord
Laufenburg,dt1,fa2,32.000000000000000,308.639999999999986,103.200000000000003,3.500000000000000,299.439999999999998,7.800000000000000,1914,1/1/2013,Laufenburg,Laufenburg,dt1,fa2,32.000000000000000,308.639999999999986,103.200000000000003,3.500000000000000,299.439999999999998,7.800000000000000,1914,1/1/2013,91,Laufenburg
Le Pontet,dt5,fa2,21.000000000000000,794.049999999999955,34.000000000000000,0.070000000000000,792.000000000000000,17.000000000000000,1970,1/1/1970,Le Pontet,Le Pontet,dt5,fa2,16.000000000000000,778.000000000000000,26.600000000000001,0.070000000000000,792.000000000000000,17.000000000000000,1937,1/1/1970,6,Ancien Jougnenaz
Les Clées,dt5,fa2,27.199999999999999,744.500000000000000,100.000000000000000,0.740000000000000,743.000000000000000,25.699999999999999,1955,1/1/1955,Les Clées,Les Clées,dt5,fa2,27.199999999999999,744.500000000000000,100.000000000000000,0.740000000000000,743.000000000000000,25.699999999999999,1955,1/1/1955,93,Les Clées
Les Esserts,dt7,fa2,20.000000000000000,1517.000000000000000,310.000000000000000,0.245000000000000,1516.000000000000000,17.000000000000000,1973,1/1/1973,Les Esserts,Les Esserts,dt7,fa2,20.000000000000000,1517.000000000000000,310.000000000000000,0.245000000000000,1516.000000000000000,17.000000000000000,1973,1/1/1973,94,Les Esserts
Les Marécottes,dt4,fa2,12.000000000000000,1103.700000000000045,225.000000000000000,0.047000000000000,1103.250000000000000,11.550000000000001,1925,1/1/1954,Les Marécottes,Les Marécottes,dt4,fa2,12.000000000000000,1103.700000000000045,225.000000000000000,0.047000000000000,1103.250000000000000,11.550000000000001,1925,1/1/1954,95,Les Marécottes
Les Toules,dt8,fa2,86.000000000000000,1811.000000000000000,460.000000000000000,20.475999999999999,1810.000000000000000,86.000000000000000,1963,1/1/1963,Les Toules,Les Toules,dt8,fa2,86.000000000000000,1811.000000000000000,460.000000000000000,20.475999999999999,1810.000000000000000,86.000000000000000,1963,1/1/1963,96,Les Toules
Lessoc,dt2,fa2,32.399999999999999,776.899999999999977,90.000000000000000,1.290000000000000,773.750000000000000,23.750000000000000,1973,1/1/1976,Lessoc,Lessoc,dt2,fa2,32.399999999999999,776.899999999999977,90.000000000000000,1.290000000000000,773.750000000000000,23.750000000000000,1973,1/1/1976,97,Lessoc
Limmern,dt8,fa2,146.000000000000000,1858.700000000000045,370.000000000000000,93.000000000000000,1857.000000000000000,117.000000000000000,1963,1/1/1963,Limmern,Limmern,dt8,fa2,146.000000000000000,1858.700000000000045,370.000000000000000,93.000000000000000,1857.000000000000000,117.000000000000000,1963,1/1/1963,98,Limmern
Linthal,dt7,fa2,12.000000000000000,677.000000000000000,550.000000000000000,0.230000000000000,676.049999999999955,9.800000000000001,1964,1/1/1964,Linthal,Linthal,dt7,fa2,12.000000000000000,677.000000000000000,550.000000000000000,0.230000000000000,676.049999999999955,9.800000000000001,1964,1/1/1964,99,Linthal
Löbbia,dt5,fa2,26.000000000000000,1421.000000000000000,90.000000000000000,0.220000000000000,1418.000000000000000,15.500000000000000,1959,1/1/1959,Löbbia,Löbbia,dt5,fa2,26.000000000000000,1421.000000000000000,90.000000000000000,0.220000000000000,1418.000000000000000,15.500000000000000,1959,1/1/1959,100,Löbbia
Lucendro,dt2,fa2,73.000000000000000,2135.250000000000000,269.000000000000000,25.000000000000000,2134.500000000000000,62.000000000000000,1947,1/1/1954,Lucendro,Lucendro,dt2,fa2,73.000000000000000,2135.250000000000000,269.000000000000000,25.000000000000000,2134.500000000000000,62.000000000000000,1947,1/1/1954,101,Lucendro
Luzzone,dt8,fa2,225.000000000000000,1609.000000000000000,510.000000000000000,108.000000000000000,1606.000000000000000,208.699999999999989,1963,1/1/1963,Luzzone,Luzzone,dt8,fa2,225.000000000000000,1609.000000000000000,510.000000000000000,108.000000000000000,1606.000000000000000,208.699999999999989,1963,1/1/1963,102,Luzzone
Maigrauge,dt5,fa2,21.680000000000000,553.299999999999955,113.500000000000000,0.600000000000000,553.080000000000041,19.300000000000001,1872,10/25/1978,Maigrauge,Maigrauge,dt5,fa2,21.680000000000000,553.299999999999955,113.500000000000000,0.600000000000000,553.080000000000041,19.300000000000001,1872,10/25/1978,103,Maigrauge
Malvaglia,dt8,fa2,92.000000000000000,991.600000000000023,292.000000000000000,4.100000000000000,990.000000000000000,84.000000000000000,1959,1/1/1959,Malvaglia,Malvaglia,dt8,fa2,92.000000000000000,991.600000000000023,292.000000000000000,4.100000000000000,990.000000000000000,84.000000000000000,1959,1/1/1959,104,Malvaglia
Mapragg,dt5,fa2,75.000000000000000,870.000000000000000,132.000000000000000,5.000000000000000,865.000000000000000,56.000000000000000,1976,1/1/1976,Mapragg,Mapragg,dt5,fa2,75.000000000000000,870.000000000000000,132.000000000000000,5.000000000000000,865.000000000000000,56.000000000000000,1976,1/1/1976,105,Mapragg
Marmorera,dt7,fa2,91.000000000000000,1684.400000000000091,400.000000000000000,62.700000000000003,1680.000000000000000,71.299999999999997,1954,1/1/1954,Marmorera (Castiletto),Marmorera,dt7,fa2,91.000000000000000,1684.400000000000091,400.000000000000000,62.700000000000003,1680.000000000000000,71.299999999999997,1954,1/1/1954,106,Marmorera (Castiletto)
Mattenalp,dt5,fa2,25.000000000000000,1877.500000000000000,141.000000000000000,1.850000000000000,1875.200000000000045,21.199999999999999,1950,1/1/1954,Mattenalp,Mattenalp,dt5,fa2,25.000000000000000,1877.500000000000000,141.000000000000000,1.850000000000000,1875.200000000000045,21.199999999999999,1950,1/1/1954,107,Mattenalp
Mattmark,dt7,fa2,117.000000000000000,2204.000000000000000,780.000000000000000,101.000000000000000,2197.000000000000000,120.000000000000000,1967,1/1/1967,Mattmark,Mattmark,dt7,fa2,117.000000000000000,2204.000000000000000,780.000000000000000,101.000000000000000,2197.000000000000000,120.000000000000000,1967,1/1/1967,108,Mattmark
Mauvoisin,dt8,fa2,250.000000000000000,1976.000000000000000,520.000000000000000,210.000000000000000,1975.000000000000000,250.000000000000000,1957,1/1/1957,Mauvoisin,Mauvoisin,dt8,fa2,250.000000000000000,1976.000000000000000,520.000000000000000,210.000000000000000,1975.000000000000000,250.000000000000000,1957,1/1/1957,109,Mauvoisin
Melchsee,dt7,fa2,16.000000000000000,1895.000000000000000,295.000000000000000,2.730000000000000,1893.299999999999955,8.600000000000000,1958,1/1/1958,Melchsee,Melchsee,dt7,fa2,16.000000000000000,1895.000000000000000,295.000000000000000,2.730000000000000,1893.299999999999955,8.600000000000000,1958,1/1/1958,110,Melchsee
Meretschisee Oberer,dt7,fa2,4.000000000000000,2361.000000000000000,70.000000000000000,0.200000000000000,2360.500000000000000,3.500000000000000,1927,1/1/1954,"Meretschisee, Oberer",Meretschisee Oberer,dt7,fa2,4.000000000000000,2361.000000000000000,70.000000000000000,0.200000000000000,2360.500000000000000,3.500000000000000,1927,1/1/1954,111,"Meretschisee, Oberer"
Meretschisee Unterer,dt7,fa2,5.450000000000000,2307.400000000000091,80.000000000000000,0.200000000000000,2306.500000000000000,4.500000000000000,1927,1/1/1954,"Meretschisee, Unterer",Meretschisee Unterer,dt7,fa2,5.450000000000000,2307.400000000000091,80.000000000000000,0.200000000000000,2306.500000000000000,4.500000000000000,1927,1/1/1954,112,"Meretschisee, Unterer"
Moiry,dt8,fa2,148.000000000000000,2250.000000000000000,610.000000000000000,76.700000000000003,2249.000000000000000,147.000000000000000,1958,1/1/1958,Moiry,Moiry,dt8,fa2,148.000000000000000,2250.000000000000000,610.000000000000000,76.700000000000003,2249.000000000000000,147.000000000000000,1958,1/1/1958,113,Moiry
Molina,dt5,fa2,54.000000000000000,692.600000000000023,93.000000000000000,0.810000000000000,686.750000000000000,36.700000000000003,1951,1/1/1954,Molina,Molina,dt5,fa2,54.000000000000000,692.600000000000023,93.000000000000000,0.810000000000000,686.750000000000000,36.700000000000003,1951,1/1/1954,114,Molina
Montsalvens,dt8,fa2,52.000000000000000,802.299999999999955,110.000000000000000,12.600000000000000,800.799999999999955,49.600000000000001,1920,1/1/1954,Montsalvens,Montsalvens,dt8,fa2,52.000000000000000,802.299999999999955,110.000000000000000,12.600000000000000,800.799999999999955,49.600000000000001,1920,1/1/1954,115,Montsalvens
Mottec,dt7,fa2,11.000000000000000,1562.000000000000000,689.000000000000000,0.150000000000000,1561.000000000000000,11.000000000000000,1958,1/1/1957,Motec,Mottec,dt7,fa2,11.000000000000000,1562.000000000000000,689.000000000000000,0.150000000000000,1561.000000000000000,11.000000000000000,1958,1/1/1957,116,Motec
Mühlebach,dt7,fa1,10.150000000000000,326.149999999999977,225.000000000000000,0.200000000000000,325.000000000000000,10.199999999999999,2007,1/1/2007,Mühlebach,Mühlebach,dt7,fa1,10.150000000000000,326.149999999999977,225.000000000000000,0.200000000000000,325.000000000000000,10.199999999999999,2007,1/1/2007,117,Mühlebach
Mühleberg,dt5,fa2,29.000000000000000,491.939999999999998,250.000000000000000,21.000000000000000,480.839999999999975,20.539999999999999,1920,7/10/1972,Mühleberg,Mühleberg,dt5,fa2,29.000000000000000,491.939999999999998,250.000000000000000,21.000000000000000,480.839999999999975,20.539999999999999,1920,7/10/1972,118,Mühleberg
Murgsee,dt5,fa2,5.000000000000000,1819.470000000000027,46.000000000000000,1.240000000000000,1819.470000000000027,4.470000000000000,1925,1/1/1954,Murgsee Mitte,Murgsee,dt5,fa2,5.000000000000000,1819.470000000000027,46.000000000000000,1.240000000000000,1819.470000000000027,4.470000000000000,1925,1/1/1954,119,Murgsee Mitte
Murgsee,dt5,fa2,3.000000000000000,1819.799999999999955,46.000000000000000,1.240000000000000,1819.470000000000027,4.470000000000000,1925,1/1/1954,Murgsee Nord,Murgsee,dt5,fa2,5.000000000000000,1819.470000000000027,46.000000000000000,1.240000000000000,1819.470000000000027,4.470000000000000,1925,1/1/1954,119,Murgsee Mitte
Murgsee,dt5,fa2,3.000000000000000,1820.450000000000045,20.000000000000000,1.240000000000000,1819.470000000000027,4.470000000000000,1925,1/1/1954,Murgsee Süd,Murgsee,dt5,fa2,5.000000000000000,1819.470000000000027,46.000000000000000,1.240000000000000,1819.470000000000027,4.470000000000000,1925,1/1/1954,119,Murgsee Mitte
Murgsee,dt7,fa2,2.000000000000000,1820.440000000000055,25.000000000000000,1.240000000000000,1819.470000000000027,4.470000000000000,1925,1/1/1954,Murgsee Süddamm,Murgsee,dt5,fa2,5.000000000000000,1819.470000000000027,46.000000000000000,1.240000000000000,1819.470000000000027,4.470000000000000,1925,1/1/1954,119,Murgsee Mitte
Muslen,dt5,fa2,29.000000000000000,608.200000000000045,55.000000000000000,0.080000000000000,606.200000000000045,24.899999999999999,1908,1/1/1954,Muslen,Muslen,dt5,fa2,29.000000000000000,608.200000000000045,55.000000000000000,0.080000000000000,606.200000000000045,24.899999999999999,1908,1/1/1954,123,Muslen
Muttsee,dt5,fa2,37.000000000000000,2476.000000000000000,1025.000000000000000,16.600000000000001,2474.599999999999909,35.000000000000000,2015,5/14/2009,Muttsee,Muttsee,dt5,fa2,37.000000000000000,2476.000000000000000,1025.000000000000000,16.600000000000001,2474.599999999999909,35.000000000000000,2015,5/14/2009,124,Muttsee
Nagens,dt7,fa7,13.500000000000000,1953.500000000000000,562.000000000000000,0.205000000000000,1952.450000000000045,11.550000000000001,2006,1/1/2008,Nagens,Nagens,dt7,fa7,13.500000000000000,1953.500000000000000,562.000000000000000,0.205000000000000,1952.450000000000045,11.550000000000001,2006,1/1/2008,125,Nagens
Nalps,dt8,fa2,127.000000000000000,1909.700000000000045,480.000000000000000,45.000000000000000,1908.000000000000000,118.000000000000000,1962,1/1/1962,Nalps,Nalps,dt8,fa2,127.000000000000000,1909.700000000000045,480.000000000000000,45.000000000000000,1908.000000000000000,118.000000000000000,1962,1/1/1962,126,Nalps
Naret,dt8,fa2,80.000000000000000,2311.000000000000000,435.000000000000000,31.600000000000001,2310.000000000000000,75.000000000000000,1969,1/1/1970,Naret I,Cavagnoli,dt8,fa2,111.000000000000000,2311.000000000000000,317.000000000000000,29.109999999999999,2310.000000000000000,110.000000000000000,1968,1/1/1968,27,Cavagnoli
Naret,dt5,fa2,45.000000000000000,2311.000000000000000,260.000000000000000,31.600000000000001,2310.000000000000000,75.000000000000000,1969,1/1/1970,Naret II,Cavagnoli,dt8,fa2,111.000000000000000,2311.000000000000000,317.000000000000000,29.109999999999999,2310.000000000000000,110.000000000000000,1968,1/1/1968,27,Cavagnoli
Niederried,dt1,fa2,15.000000000000000,462.500000000000000,80.000000000000000,1.670000000000000,461.139999999999986,9.320000000000000,1963,1/1/2015,Niederried,Niederried,dt1,fa2,15.000000000000000,462.500000000000000,80.000000000000000,1.670000000000000,461.139999999999986,9.320000000000000,1963,1/1/2015,129,Niederried
Oberaar,dt5,fa2,104.000000000000000,2304.599999999999909,526.000000000000000,63.649999999999999,2303.000000000000000,93.000000000000000,1953,1/1/1954,Oberaar,Oberaar,dt5,fa2,104.000000000000000,2304.599999999999909,526.000000000000000,63.649999999999999,2303.000000000000000,93.000000000000000,1953,1/1/1954,130,Oberaar
Oberems,dt4,fa2,11.000000000000000,1370.000000000000000,176.000000000000000,0.025000000000000,1368.799999999999955,11.550000000000001,1927,1/1/1954,Oberems,Oberems,dt4,fa2,11.000000000000000,1370.000000000000000,176.000000000000000,0.025000000000000,1368.799999999999955,11.550000000000001,1927,1/1/1954,131,Oberems
Obermatt,dt7,fa2,16.000000000000000,661.500000000000000,370.000000000000000,0.120000000000000,659.500000000000000,14.500000000000000,1962,1/1/1962,Obermatt,Obermatt,dt7,fa2,16.000000000000000,661.500000000000000,370.000000000000000,0.120000000000000,659.500000000000000,14.500000000000000,1962,1/1/1962,132,Obermatt
Orden,dt8,fa1,42.000000000000000,1788.250000000000000,171.000000000000000,1.670000000000000,1786.500000000000000,34.500000000000000,1971,1/1/1971,Orden,Orden,dt8,fa1,42.000000000000000,1788.250000000000000,171.000000000000000,1.670000000000000,1786.500000000000000,34.500000000000000,1971,1/1/1971,133,Orden
Othmarhang,dt7,fa7,13.800000000000001,2674.000000000000000,148.000000000000000,0.065000000000000,2672.300000000000182,19.899999999999999,2000,1/1/2000,Othmarhang,Othmarhang,dt7,fa7,13.800000000000001,2674.000000000000000,148.000000000000000,0.065000000000000,2672.300000000000182,19.899999999999999,2000,1/1/2000,134,Othmarhang
Ova Spin,dt8,fa2,73.000000000000000,1633.500000000000000,130.000000000000000,7.390000000000000,1630.000000000000000,60.000000000000000,1968,1/1/1968,Ova Spin,Ova Spin,dt8,fa2,73.000000000000000,1633.500000000000000,130.000000000000000,7.390000000000000,1630.000000000000000,60.000000000000000,1968,1/1/1968,135,Ova Spin
Ovella,dt1,fa2,26.000000000000000,1032.000000000000000,26.000000000000000,0.710000000000000,1029.500000000000000,13.300000000000001,2022,1/1/2022,Ovella,Ovella,dt1,fa2,26.000000000000000,1032.000000000000000,26.000000000000000,0.710000000000000,1029.500000000000000,13.300000000000001,2022,1/1/2022,136,Ovella
Palagnedra,dt6,fa2,72.000000000000000,486.699999999999989,114.000000000000000,4.360000000000000,486.699999999999989,55.700000000000003,1952,1/1/1954,Palagnedra,Palagnedra,dt6,fa2,72.000000000000000,486.699999999999989,114.000000000000000,4.360000000000000,486.699999999999989,55.700000000000003,1952,1/1/1954,137,Palagnedra
Pallazuit,dt7,fa2,17.000000000000000,1329.000000000000000,500.000000000000000,0.100000000000000,1326.799999999999955,10.000000000000000,1958,1/1/1958,Pallazuit,Pallazuit,dt7,fa2,17.000000000000000,1329.000000000000000,500.000000000000000,0.100000000000000,1326.799999999999955,10.000000000000000,1958,1/1/1958,138,Pallazuit
Palü,dt5,fa2,13.000000000000000,1923.960000000000036,67.000000000000000,0.190000000000000,1923.740000000000009,11.699999999999999,1928,1/1/1954,Palü I,Palü,dt5,fa2,13.000000000000000,1923.960000000000036,67.000000000000000,0.190000000000000,1923.740000000000009,11.699999999999999,1928,1/1/1954,139,Palü I
Palü,dt5,fa2,12.000000000000000,1924.000000000000000,42.000000000000000,0.190000000000000,1923.740000000000009,11.699999999999999,1928,1/1/1954,Palü II,Palü,dt5,fa2,13.000000000000000,1923.960000000000036,67.000000000000000,0.190000000000000,1923.740000000000009,11.699999999999999,1928,1/1/1954,139,Palü I
Peccia,dt7,fa2,12.000000000000000,1033.000000000000000,250.000000000000000,0.120000000000000,1032.079999999999927,10.000000000000000,1954,1/1/1954,Peccia,Peccia,dt7,fa2,12.000000000000000,1033.000000000000000,250.000000000000000,0.120000000000000,1032.079999999999927,10.000000000000000,1954,1/1/1954,141,Peccia
Pfaffensprung,dt8,fa2,32.140000000000001,806.740000000000009,64.099999999999994,0.200000000000000,806.740000000000009,26.600000000000001,1921,1/1/1954,Pfaffensprung,Pfaffensprung,dt8,fa2,32.140000000000001,806.740000000000009,64.099999999999994,0.200000000000000,806.740000000000009,26.600000000000001,1921,1/1/1954,142,Pfaffensprung
Pigniu,dt5,fa2,53.000000000000000,1452.000000000000000,270.000000000000000,7.300000000000000,1450.000000000000000,45.000000000000000,1989,1/1/1989,Pigniu (Panix),Pigniu,dt5,fa2,53.000000000000000,1452.000000000000000,270.000000000000000,7.300000000000000,1450.000000000000000,45.000000000000000,1989,1/1/1989,143,Pigniu (Panix)
Piora,dt5,fa2,27.000000000000000,1850.740000000000009,309.000000000000000,53.200000000000003,1850.099999999999909,26.100000000000001,1918,7/10/1972,Piora (Ritom),Piora,dt5,fa2,27.000000000000000,1850.740000000000009,309.000000000000000,53.200000000000003,1850.099999999999909,26.100000000000001,1918,7/10/1972,144,Piora (Ritom)
Plans Mayens,dt7,fa6,20.000000000000000,1575.000000000000000,180.000000000000000,0.131000000000000,1573.799999999999955,11.800000000000001,1971,1/1/1971,Plans Mayens,Plans Mayens,dt7,fa6,20.000000000000000,1575.000000000000000,180.000000000000000,0.131000000000000,1573.799999999999955,11.800000000000001,1971,1/1/1971,145,Plans Mayens
Prä,dt5,fa2,20.000000000000000,1079.900000000000091,21.000000000000000,0.020000000000000,1079.900000000000091,18.199999999999999,1961,1/1/1961,Prä,Prä,dt5,fa2,20.000000000000000,1079.900000000000091,21.000000000000000,0.020000000000000,1079.900000000000091,18.199999999999999,1961,1/1/1961,146,Prä
Pradella,dt7,fa2,11.300000000000001,1144.299999999999955,250.000000000000000,0.270000000000000,1143.000000000000000,11.199999999999999,1993,1/1/1993,Pradella,Pradella,dt7,fa2,11.300000000000001,1144.299999999999955,250.000000000000000,0.270000000000000,1143.000000000000000,11.199999999999999,1993,1/1/1993,147,Pradella
Preda,dt8,fa2,23.000000000000000,1950.000000000000000,99.000000000000000,0.370000000000000,1948.000000000000000,17.000000000000000,1961,1/1/1961,Preda,Preda,dt8,fa2,23.000000000000000,1950.000000000000000,99.000000000000000,0.370000000000000,1948.000000000000000,17.000000000000000,1961,1/1/1961,148,Preda
Zeuzier,dt7,fa2,19.000000000000000,1779.599999999999909,155.000000000000000,51.210000000000001,1777.000000000000000,155.699999999999989,1957,1/1/1957,Proz-Riond,Zeuzier,dt7,fa2,19.000000000000000,1779.599999999999909,155.000000000000000,51.210000000000001,1777.000000000000000,155.699999999999989,1957,1/1/1957,149,Proz-Riond
Punt dal Gall,dt8,fa2,130.000000000000000,1805.599999999999909,540.000000000000000,164.599999999999994,1804.700000000000045,116.000000000000000,1968,7/10/1972,Punt dal Gall,Punt dal Gall,dt8,fa2,130.000000000000000,1805.599999999999909,540.000000000000000,164.599999999999994,1804.700000000000045,116.000000000000000,1968,7/10/1972,150,Punt dal Gall
Räterichsboden,dt5,fa2,92.000000000000000,1768.599999999999909,456.000000000000000,26.300000000000001,1767.000000000000000,87.000000000000000,1950,1/1/1954,Räterichsboden,Räterichsboden,dt5,fa2,92.000000000000000,1768.599999999999909,456.000000000000000,26.300000000000001,1767.000000000000000,87.000000000000000,1950,1/1/1954,151,Räterichsboden
Reckingen,dt1,fa2,12.000000000000000,331.939999999999998,68.980000000000004,4.500000000000000,331.939999999999998,12.000000000000000,1941,1/1/2013,Reckingen,Reckingen,dt1,fa2,12.000000000000000,331.939999999999998,68.980000000000004,4.500000000000000,331.939999999999998,12.000000000000000,1941,1/1/2013,152,Reckingen
Reichenau,dt1,fa2,11.000000000000000,586.500000000000000,78.000000000000000,1.300000000000000,584.500000000000000,11.000000000000000,1962,5/22/2012,Reichenau,Reichenau,dt1,fa2,11.000000000000000,586.500000000000000,78.000000000000000,1.300000000000000,584.500000000000000,11.000000000000000,1962,5/22/2012,153,Reichenau
Rempen,dt5,fa2,31.500000000000000,643.500000000000000,115.000000000000000,0.480000000000000,642.000000000000000,25.000000000000000,1924,1/1/1954,Rempen,Rempen,dt5,fa2,31.500000000000000,643.500000000000000,115.000000000000000,0.480000000000000,642.000000000000000,25.000000000000000,1924,1/1/1954,154,Rempen
Rheinau,dt1,fa2,15.000000000000000,360.199999999999989,111.599999999999994,5.500000000000000,359.000000000000000,5.900000000000000,1957,1/1/2013,Rheinau,Rheinau,dt1,fa2,15.000000000000000,360.199999999999989,111.599999999999994,5.500000000000000,359.000000000000000,5.900000000000000,1957,1/1/2013,155,Rheinau
Rheinfelden,dt1,fa2,12.000000000000000,270.800000000000011,195.500000000000000,2.600000000000000,270.500000000000000,8.000000000000000,2010,1/1/2013,Rheinfelden,Rheinfelden,dt1,fa2,12.000000000000000,270.800000000000011,195.500000000000000,2.600000000000000,270.500000000000000,8.000000000000000,2010,1/1/2013,156,Rheinfelden
Rhodannenberg,dt7,fa2,30.000000000000000,850.750000000000000,217.000000000000000,39.799999999999997,846.840000000000032,16.840000000000000,1910,7/7/1972,Rhodannenberg,Rhodannenberg,dt7,fa2,30.000000000000000,850.750000000000000,217.000000000000000,39.799999999999997,846.840000000000032,16.840000000000000,1910,7/7/1972,157,Rhodannenberg
Robiei,dt5,fa2,68.000000000000000,1941.000000000000000,355.000000000000000,6.900000000000000,1940.000000000000000,63.000000000000000,1967,1/1/1967,Robiei,Robiei,dt5,fa2,68.000000000000000,1941.000000000000000,355.000000000000000,6.900000000000000,1940.000000000000000,63.000000000000000,1967,1/1/1967,158,Robiei
Rodi,dt7,fa2,7.000000000000000,946.000000000000000,460.000000000000000,0.150000000000000,945.000000000000000,6.000000000000000,1940,1/1/1954,Rodi,Rodi,dt7,fa2,7.000000000000000,946.000000000000000,460.000000000000000,0.150000000000000,945.000000000000000,6.000000000000000,1940,1/1/1954,159,Rodi
Roggiasca,dt8,fa2,68.500000000000000,955.500000000000000,177.000000000000000,0.520000000000000,954.299999999999955,66.099999999999994,1965,1/1/1965,Roggiasca,Roggiasca,dt8,fa2,68.500000000000000,955.500000000000000,177.000000000000000,0.520000000000000,954.299999999999955,66.099999999999994,1965,1/1/1965,160,Roggiasca
Rossens,dt8,fa2,83.000000000000000,679.000000000000000,320.000000000000000,200.000000000000000,677.000000000000000,70.000000000000000,1947,7/10/1972,Rossens,Rossens,dt8,fa2,83.000000000000000,679.000000000000000,320.000000000000000,200.000000000000000,677.000000000000000,70.000000000000000,1947,7/10/1972,161,Rossens
Rossinière,dt5,fa2,30.000000000000000,862.500000000000000,35.000000000000000,2.900000000000000,860.000000000000000,28.500000000000000,1972,12/7/1977,Rossinière,Rossinière,dt5,fa2,30.000000000000000,862.500000000000000,35.000000000000000,2.900000000000000,860.000000000000000,28.500000000000000,1972,12/7/1977,162,Rossinière
Runcahez,dt5,fa2,33.000000000000000,1280.000000000000000,182.000000000000000,0.480000000000000,1277.000000000000000,27.500000000000000,1961,1/1/1961,Runcahez,Runcahez,dt5,fa2,33.000000000000000,1280.000000000000000,182.000000000000000,0.480000000000000,1277.000000000000000,27.500000000000000,1961,1/1/1961,163,Runcahez
Rupperswil-Auenstein,dt1,fa2,15.000000000000000,361.100000000000023,82.000000000000000,1.230000000000000,359.600000000000023,5.160000000000000,1945,1/1/2015,Rupperswil-Auenstein,Rupperswil-Auenstein,dt1,fa2,15.000000000000000,361.100000000000023,82.000000000000000,1.230000000000000,359.600000000000023,5.160000000000000,1945,1/1/2015,164,Rupperswil-Auenstein
Ruppoldingen,dt1,fa2,15.000000000000000,401.000000000000000,70.000000000000000,2.300000000000000,398.399999999999977,5.930000000000000,2000,1/1/2015,Ruppoldingen,Ruppoldingen,dt1,fa2,15.000000000000000,401.000000000000000,70.000000000000000,2.300000000000000,398.399999999999977,5.930000000000000,2000,1/1/2015,165,Ruppoldingen
Ryburg-Schwörstadt,dt1,fa2,15.000000000000000,281.939999999999998,111.000000000000000,16.920000000000002,281.139999999999986,10.699999999999999,1931,1/1/2013,Ryburg-Schwörstadt,Ryburg-Schwörstadt,dt1,fa2,15.000000000000000,281.939999999999998,111.000000000000000,16.920000000000002,281.139999999999986,10.699999999999999,1931,1/1/2013,166,Ryburg-Schwörstadt
Säckingen,dt1,fa2,20.000000000000000,291.000000000000000,117.000000000000000,9.100000000000000,289.240000000000009,12.199999999999999,1966,1/1/2013,Säckingen,Säckingen,dt1,fa2,20.000000000000000,291.000000000000000,117.000000000000000,9.100000000000000,289.240000000000009,12.199999999999999,1966,1/1/2013,167,Säckingen
Safien,dt7,fa2,15.000000000000000,1296.500000000000000,840.000000000000000,0.240000000000000,1295.000000000000000,12.000000000000000,1957,1/1/1957,Safien-Platz,Safien,dt7,fa2,15.000000000000000,1296.500000000000000,840.000000000000000,0.240000000000000,1295.000000000000000,12.000000000000000,1957,1/1/1957,168,Safien-Platz
Salanfe,dt5,fa2,52.000000000000000,1925.500000000000000,616.649999999999977,40.000000000000000,1925.000000000000000,51.500000000000000,1952,1/1/1954,Salanfe,Salanfe,dt5,fa2,52.000000000000000,1925.500000000000000,616.649999999999977,40.000000000000000,1925.000000000000000,51.500000000000000,1952,1/1/1954,169,Salanfe
Sambuco,dt8,fa2,130.000000000000000,1462.000000000000000,363.000000000000000,64.000000000000000,1461.000000000000000,122.000000000000000,1956,1/1/1956,Sambuco,Sambuco,dt8,fa2,130.000000000000000,1462.000000000000000,363.000000000000000,64.000000000000000,1461.000000000000000,122.000000000000000,1956,1/1/1956,170,Sambuco
Sanetsch,dt5,fa2,42.000000000000000,2035.000000000000000,214.000000000000000,2.800000000000000,2034.000000000000000,37.000000000000000,1965,1/1/1965,Sanetsch,Sanetsch,dt5,fa2,42.000000000000000,2035.000000000000000,214.000000000000000,2.800000000000000,2034.000000000000000,37.000000000000000,1965,1/1/1965,171,Sanetsch
Santa Maria,dt8,fa2,117.000000000000000,1910.000000000000000,560.000000000000000,67.299999999999997,1908.000000000000000,95.000000000000000,1968,1/1/1968,Santa Maria,Nalps,dt8,fa2,127.000000000000000,1909.700000000000045,480.000000000000000,45.000000000000000,1908.000000000000000,118.000000000000000,1962,1/1/1962,126,Nalps
Schaffhausen,dt1,fa2,10.000000000000000,392.199999999999989,53.000000000000000,6.400000000000000,390.800000000000011,10.100000000000000,1967,1/1/2013,Schaffhausen,Schaffhausen,dt1,fa2,10.000000000000000,392.199999999999989,53.000000000000000,6.400000000000000,390.800000000000011,10.100000000000000,1967,1/1/2013,173,Schaffhausen
Schiffenen,dt8,fa2,47.000000000000000,534.000000000000000,417.000000000000000,58.600000000000001,532.000000000000000,40.000000000000000,1963,1/1/1963,Schiffenen,Schiffenen,dt8,fa2,47.000000000000000,534.000000000000000,417.000000000000000,58.600000000000001,532.000000000000000,40.000000000000000,1963,1/1/1963,174,Schiffenen
Schlattli,dt5,fa2,25.000000000000000,552.000000000000000,40.000000000000000,0.350000000000000,550.000000000000000,23.649999999999999,1965,1/1/1965,Schlattli,Schlattli,dt5,fa2,25.000000000000000,552.000000000000000,40.000000000000000,0.350000000000000,550.000000000000000,23.649999999999999,1965,1/1/1965,175,Schlattli
Schloss,dt3,fa1,14.300000000000001,505.300000000000011,92.000000000000000,0.130000000000000,503.500000000000000,12.500000000000000,2011,9/10/2009,Schloss,Schloss,dt3,fa1,14.300000000000001,505.300000000000011,92.000000000000000,0.130000000000000,503.500000000000000,12.500000000000000,2011,9/10/2009,176,Schloss
Schräh,dt5,fa2,110.000000000000000,902.250000000000000,156.000000000000000,150.000000000000000,900.000000000000000,66.000000000000000,1924,7/10/1972,Schräh,Schräh,dt5,fa2,110.000000000000000,902.250000000000000,156.000000000000000,150.000000000000000,900.000000000000000,66.000000000000000,1924,7/10/1972,177,Schräh
Secada,dt8,fa1,21.000000000000000,1024.000000000000000,35.000000000000000,0.100000000000000,1023.000000000000000,20.000000000000000,1982,1/1/1982,Secada,Secada,dt8,fa1,21.000000000000000,1024.000000000000000,35.000000000000000,0.100000000000000,1023.000000000000000,20.000000000000000,1982,1/1/1982,178,Secada
Grimsel,dt5,fa2,42.000000000000000,1911.839999999999918,336.000000000000000,100.489999999999995,1908.740000000000009,107.739999999999995,1932,1/1/1954,Seeuferegg,Grimsel,dt5,fa2,42.000000000000000,1911.839999999999918,336.000000000000000,100.489999999999995,1908.740000000000009,107.739999999999995,1932,1/1/1954,179,Seeuferegg
Sella,dt5,fa2,36.000000000000000,2256.829999999999927,334.000000000000000,9.199999999999999,2256.000000000000000,31.000000000000000,1947,1/1/1954,Sella,Sella,dt5,fa2,36.000000000000000,2256.829999999999927,334.000000000000000,9.199999999999999,2256.000000000000000,31.000000000000000,1947,1/1/1954,180,Sella
Sera,dt8,fa2,25.699999999999999,1281.700000000000045,81.500000000000000,0.180000000000000,1278.000000000000000,16.899999999999999,2010,1/1/1954,Sera,Sera,dt8,fa2,25.699999999999999,1281.700000000000045,81.500000000000000,0.180000000000000,1278.000000000000000,16.899999999999999,2010,1/1/1954,181,Sera
Solis,dt8,fa2,61.000000000000000,827.000000000000000,75.000000000000000,1.900000000000000,823.750000000000000,49.549999999999997,1986,1/1/1986,Solis,Solis,dt8,fa2,61.000000000000000,827.000000000000000,75.000000000000000,1.900000000000000,823.750000000000000,49.549999999999997,1986,1/1/1986,182,Solis
Sosto,dt8,fa2,19.600000000000001,1022.500000000000000,47.000000000000000,0.020000000000000,1019.000000000000000,16.100000000000001,1963,1/1/1963,Sosto,Sosto,dt8,fa2,19.600000000000001,1022.500000000000000,47.000000000000000,0.020000000000000,1019.000000000000000,16.100000000000001,1963,1/1/1963,183,Sosto
Grimsel,dt6,fa2,114.000000000000000,1911.240000000000009,258.000000000000000,100.489999999999995,1908.740000000000009,107.739999999999995,1932,1/1/1954,Spitallamm,Grimsel,dt5,fa2,42.000000000000000,1911.839999999999918,336.000000000000000,100.489999999999995,1908.740000000000009,107.739999999999995,1932,1/1/1954,179,Seeuferegg
St-Barthélemy A1,dt6,fa1,23.000000000000000,1068.480000000000018,56.000000000000000,0.020000000000000,1068.480000000000018,23.000000000000000,1938,1/1/2018,St-Barthélemy A1,St-Barthélemy A1,dt6,fa1,23.000000000000000,1068.480000000000018,56.000000000000000,0.020000000000000,1068.480000000000018,23.000000000000000,1938,1/1/2018,185,St-Barthélemy A1
St-Barthélemy A3,dt6,fa1,27.000000000000000,1139.160000000000082,111.000000000000000,0.100000000000000,1139.160000000000082,27.000000000000000,1932,1/1/2018,St-Barthélemy A3,St-Barthélemy A3,dt6,fa1,27.000000000000000,1139.160000000000082,111.000000000000000,0.100000000000000,1139.160000000000082,27.000000000000000,1932,1/1/2018,186,St-Barthélemy A3
St-Barthélemy A5,dt6,fa1,27.000000000000000,1182.700000000000045,113.000000000000000,0.060000000000000,1182.700000000000045,27.000000000000000,1932,1/1/2018,St-Barthélemy A5,St-Barthélemy A5,dt6,fa1,27.000000000000000,1182.700000000000045,113.000000000000000,0.060000000000000,1182.700000000000045,27.000000000000000,1932,1/1/2018,187,St-Barthélemy A5
St-Barthélemy B,dt8,fa1,40.000000000000000,1003.000000000000000,85.000000000000000,0.150000000000000,1003.000000000000000,40.000000000000000,1975,1/1/1975,St-Barthélemy B,St-Barthélemy B,dt8,fa1,40.000000000000000,1003.000000000000000,85.000000000000000,0.150000000000000,1003.000000000000000,40.000000000000000,1975,1/1/1975,188,St-Barthélemy B
St-Barthélemy C,dt8,fa1,46.000000000000000,685.000000000000000,55.000000000000000,0.500000000000000,685.000000000000000,46.000000000000000,1984,1/1/1984,St-Barthélemy C,St-Barthélemy C,dt8,fa1,46.000000000000000,685.000000000000000,55.000000000000000,0.500000000000000,685.000000000000000,46.000000000000000,1984,1/1/1984,189,St-Barthélemy C
Sufers,dt8,fa2,58.000000000000000,1403.000000000000000,125.000000000000000,21.399999999999999,1401.000000000000000,58.000000000000000,1962,1/1/1962,Sufers,Sufers,dt7,fa2,10.000000000000000,1404.000000000000000,244.000000000000000,21.399999999999999,1401.000000000000000,58.000000000000000,1962,1/1/1962,37,Crestawalddamm (Sufers)
Tannensee,dt7,fa2,25.000000000000000,1977.000000000000000,600.000000000000000,3.800000000000000,1975.000000000000000,22.000000000000000,1958,1/1/1958,Tannensee,Mauvoisin,dt8,fa2,250.000000000000000,1976.000000000000000,520.000000000000000,210.000000000000000,1975.000000000000000,250.000000000000000,1957,1/1/1957,109,Mauvoisin
Tierfehd,dt7,fa2,11.500000000000000,813.500000000000000,862.000000000000000,0.606000000000000,811.500000000000000,9.500000000000000,2011,8/17/2008,Tierfehd Nord,Tierfehd,dt7,fa2,11.500000000000000,813.500000000000000,862.000000000000000,0.606000000000000,811.500000000000000,9.500000000000000,2011,8/17/2008,192,Tierfehd Nord
Tierfehd,dt7,fa2,7.800000000000000,812.500000000000000,836.000000000000000,0.606000000000000,811.500000000000000,9.500000000000000,1963,8/17/2008,Tierfehd Süd,Tierfehd,dt7,fa2,11.500000000000000,813.500000000000000,862.000000000000000,0.606000000000000,811.500000000000000,9.500000000000000,2011,8/17/2008,192,Tierfehd Nord
Tobel,dt8,fa1,30.600000000000001,602.500000000000000,60.000000000000000,0.100000000000000,600.000000000000000,25.000000000000000,1989,1/1/1989,Tobel,Tobel,dt8,fa1,30.600000000000001,602.500000000000000,60.000000000000000,0.100000000000000,600.000000000000000,25.000000000000000,1989,1/1/1989,194,Tobel
Totensee,dt5,fa2,20.000000000000000,2161.000000000000000,74.000000000000000,2.600000000000000,2160.000000000000000,15.000000000000000,1950,1/1/1954,Totensee,Totensee,dt5,fa2,20.000000000000000,2161.000000000000000,74.000000000000000,2.600000000000000,2160.000000000000000,15.000000000000000,1950,1/1/1954,195,Totensee
Traversagna,dt5,fa1,32.500000000000000,368.750000000000000,40.000000000000000,0.060000000000000,367.000000000000000,19.000000000000000,1931,1/1/1954,Traversagna B6,Traversagna,dt5,fa1,32.500000000000000,368.750000000000000,40.000000000000000,0.060000000000000,367.000000000000000,19.000000000000000,1931,1/1/1954,196,Traversagna B6
Trübtensee,dt5,fa2,9.500000000000000,2365.739999999999782,46.000000000000000,1.130000000000000,2365.239999999999782,18.500000000000000,1950,1/1/1954,Trübtensee,Trübtensee,dt5,fa2,9.500000000000000,2365.739999999999782,46.000000000000000,1.130000000000000,2365.239999999999782,18.500000000000000,1950,1/1/1954,197,Trübtensee
Turtmann,dt8,fa2,33.000000000000000,2178.500000000000000,115.000000000000000,0.850000000000000,2177.000000000000000,31.500000000000000,1958,1/1/1958,Turtmann,Turtmann,dt8,fa2,33.000000000000000,2178.500000000000000,115.000000000000000,0.850000000000000,2177.000000000000000,31.500000000000000,1958,1/1/1958,198,Turtmann
Val d´Ambra,dt7,fa2,25.500000000000000,605.500000000000000,104.500000000000000,0.375000000000000,603.000000000000000,23.000000000000000,1967,1/1/1965,Val d´Ambra,Val d´Ambra,dt7,fa2,25.500000000000000,605.500000000000000,104.500000000000000,0.375000000000000,603.000000000000000,23.000000000000000,1967,1/1/1965,199,Val d´Ambra
Valle di Lei,dt8,fa2,138.000000000000000,1932.000000000000000,635.000000000000000,200.000000000000000,1931.000000000000000,131.000000000000000,1961,1/1/1961,Valle di Lei,Valle di Lei,dt8,fa2,138.000000000000000,1932.000000000000000,635.000000000000000,200.000000000000000,1931.000000000000000,131.000000000000000,1961,1/1/1961,200,Valle di Lei
Valos,dt7,fa7,13.300000000000001,1675.299999999999955,530.000000000000000,0.110000000000000,1674.000000000000000,11.699999999999999,2008,1/1/2008,Valos,Valos,dt7,fa7,13.300000000000001,1675.299999999999955,530.000000000000000,0.110000000000000,1674.000000000000000,11.699999999999999,2008,1/1/2008,201,Valos
Vasasca,dt8,fa2,69.000000000000000,731.500000000000000,107.000000000000000,0.400000000000000,728.000000000000000,65.299999999999997,1967,1/1/1967,Vasasca,Vasasca,dt8,fa2,69.000000000000000,731.500000000000000,107.000000000000000,0.400000000000000,728.000000000000000,65.299999999999997,1967,1/1/1967,202,Vasasca
Verbois,dt5,fa2,34.000000000000000,370.800000000000011,340.000000000000000,13.800000000000001,369.100000000000023,23.199999999999999,1943,1/1/1954,Verbois,Verbois,dt5,fa2,34.000000000000000,370.800000000000011,340.000000000000000,13.800000000000001,369.100000000000023,23.199999999999999,1943,1/1/1954,203,Verbois
Viderjoch,dt7,fa7,26.000000000000000,2665.599999999999909,171.000000000000000,0.111000000000000,2664.000000000000000,17.000000000000000,2007,1/1/2018,Viderjoch,Viderjoch,dt7,fa7,26.000000000000000,2665.599999999999909,171.000000000000000,0.111000000000000,2664.000000000000000,17.000000000000000,2007,1/1/2018,204,Viderjoch
Vieux Emosson,dt8,fa2,76.500000000000000,2226.500000000000000,205.000000000000000,25.300000000000001,2225.000000000000000,65.000000000000000,1955,1/1/1955,Vieux Emosson,Vieux Emosson,dt8,fa2,76.500000000000000,2226.500000000000000,205.000000000000000,25.300000000000001,2225.000000000000000,65.000000000000000,1955,1/1/1955,205,Vieux Emosson
Vissoie,dt7,fa2,7.500000000000000,1120.500000000000000,617.000000000000000,0.050000000000000,1119.500000000000000,7.500000000000000,1959,1/1/1959,Vissoie,Vissoie,dt7,fa2,7.500000000000000,1120.500000000000000,617.000000000000000,0.050000000000000,1119.500000000000000,7.500000000000000,1959,1/1/1959,206,Vissoie
Vordersee,dt7,fa6,22.000000000000000,2362.699999999999818,145.000000000000000,0.560000000000000,2360.449999999999818,15.000000000000000,1986,1/1/1986,Vordersee,Vordersee,dt7,fa6,22.000000000000000,2362.699999999999818,145.000000000000000,0.560000000000000,2360.449999999999818,15.000000000000000,1986,1/1/1986,207,Vordersee
Waldialp,dt7,fa2,15.000000000000000,1406.500000000000000,68.000000000000000,0.230000000000000,1405.000000000000000,8.000000000000000,1961,1/1/1961,Waldialp Nord,Waldialp,dt7,fa2,15.000000000000000,1406.500000000000000,68.000000000000000,0.230000000000000,1405.000000000000000,8.000000000000000,1961,1/1/1961,208,Waldialp Nord
Waldialp,dt7,fa2,14.000000000000000,1406.500000000000000,300.000000000000000,0.230000000000000,1405.000000000000000,8.000000000000000,1961,1/1/1961,Waldialp Süd,Waldialp,dt7,fa2,15.000000000000000,1406.500000000000000,68.000000000000000,0.230000000000000,1405.000000000000000,8.000000000000000,1961,1/1/1961,208,Waldialp Nord
Wanna,dt7,fa2,14.000000000000000,1721.500000000000000,950.000000000000000,0.310000000000000,1720.000000000000000,10.000000000000000,1957,1/1/1957,Wanna,Wanna,dt7,fa2,14.000000000000000,1721.500000000000000,950.000000000000000,0.310000000000000,1720.000000000000000,10.000000000000000,1957,1/1/1957,210,Wanna
Wenigerweiher,dt7,fa5,14.500000000000000,839.000000000000000,120.000000000000000,0.157000000000000,837.600000000000023,13.600000000000000,1822,1/1/1954,Wenigerweiher,Wenigerweiher,dt7,fa5,14.500000000000000,839.000000000000000,120.000000000000000,0.157000000000000,837.600000000000023,13.600000000000000,1822,1/1/1954,211,Wenigerweiher
Wettingen,dt1,fa2,29.000000000000000,382.740000000000009,133.000000000000000,3.870000000000000,380.240000000000009,20.239999999999998,1933,2/10/1978,Wettingen,Wettingen,dt1,fa2,29.000000000000000,382.740000000000009,133.000000000000000,3.870000000000000,380.240000000000009,20.239999999999998,1933,2/10/1978,212,Wettingen
Wichelsee,dt7,fa2,7.000000000000000,459.069999999999993,120.000000000000000,0.400000000000000,458.600000000000023,6.000000000000000,1957,2/10/1978,Wichelsee (Damm),Wichelsee,dt7,fa2,7.000000000000000,459.069999999999993,120.000000000000000,0.400000000000000,458.600000000000023,6.000000000000000,1957,2/10/1978,213,Wichelsee (Damm)
Wichelsee,dt1,fa2,13.000000000000000,463.899999999999977,20.000000000000000,0.400000000000000,458.600000000000023,6.000000000000000,1957,2/10/1978,Wichelsee (Wehr),Wichelsee,dt7,fa2,7.000000000000000,459.069999999999993,120.000000000000000,0.400000000000000,458.600000000000023,6.000000000000000,1957,2/10/1978,213,Wichelsee (Damm)
Wildegg-Brugg,dt1,fa2,15.000000000000000,349.699999999999989,74.400000000000006,2.840000000000000,348.000000000000000,6.810000000000000,1953,1/1/2015,Wildegg-Brugg,Wildegg-Brugg,dt1,fa2,15.000000000000000,349.699999999999989,74.400000000000006,2.840000000000000,348.000000000000000,6.810000000000000,1953,1/1/2015,215,Wildegg-Brugg
Wohlen,dt7,fa1,5.200000000000000,423.199999999999989,250.000000000000000,0.590000000000000,423.199999999999989,5.200000000000000,2017,1/1/2018,Wohlen,Wohlen,dt7,fa1,5.200000000000000,423.199999999999989,250.000000000000000,0.590000000000000,423.199999999999989,5.200000000000000,2017,1/1/2018,216,Wohlen
Wynau-Schwarzhäusern,dt1,fa2,10.000000000000000,409.100000000000023,95.000000000000000,0.870000000000000,408.079999999999984,6.340000000000000,1896,1/1/2015,Wynau - Schwarzhäusern,Wynau-Schwarzhäusern,dt1,fa2,10.000000000000000,409.100000000000023,95.000000000000000,0.870000000000000,408.079999999999984,6.340000000000000,1896,1/1/2015,217,Wynau - Schwarzhäusern
Z´Mutt,dt8,fa2,74.000000000000000,1972.250000000000000,144.000000000000000,0.850000000000000,1970.000000000000000,72.000000000000000,1963,1/1/1964,Z´Mutt,Z´Mutt,dt8,fa2,74.000000000000000,1972.250000000000000,144.000000000000000,0.850000000000000,1970.000000000000000,72.000000000000000,1963,1/1/1964,218,Z´Mutt
Zen Binnen,dt8,fa2,21.500000000000000,1310.500000000000000,46.000000000000000,0.170000000000000,1308.000000000000000,19.000000000000000,1953,1/1/1954,Zen Binnen,Zen Binnen,dt8,fa2,21.500000000000000,1310.500000000000000,46.000000000000000,0.170000000000000,1308.000000000000000,19.000000000000000,1953,1/1/1954,219,Zen Binnen
Zermeiggern,dt7,fa2,14.000000000000000,1739.000000000000000,350.000000000000000,0.100000000000000,1738.000000000000000,14.000000000000000,1964,1/1/1964,Zermeiggern,Zermeiggern,dt7,fa2,14.000000000000000,1739.000000000000000,350.000000000000000,0.100000000000000,1738.000000000000000,14.000000000000000,1964,1/1/1964,220,Zermeiggern
Zervreila,dt8,fa2,151.000000000000000,1863.500000000000000,504.000000000000000,100.500000000000000,1862.000000000000000,149.000000000000000,1957,1/1/1957,Zervreila,Zervreila,dt8,fa2,151.000000000000000,1863.500000000000000,504.000000000000000,100.500000000000000,1862.000000000000000,149.000000000000000,1957,1/1/1957,221,Zervreila
Zervreila Ausgleichsbecken,dt3,fa2,44.000000000000000,1738.000000000000000,70.000000000000000,0.140000000000000,1734.799999999999955,31.800000000000001,1957,1/1/1957,Zervreila Ausgleichsbecken,Zervreila Ausgleichsbecken,dt3,fa2,44.000000000000000,1738.000000000000000,70.000000000000000,0.140000000000000,1734.799999999999955,31.800000000000001,1957,1/1/1957,222,Zervreila Ausgleichsbecken
Zeuzier,dt8,fa2,156.000000000000000,1778.000000000000000,256.000000000000000,51.210000000000001,1777.000000000000000,155.699999999999989,1957,1/1/1957,Zeuzier,Zeuzier,dt7,fa2,19.000000000000000,1779.599999999999909,155.000000000000000,51.210000000000001,1777.000000000000000,155.699999999999989,1957,1/1/1957,149,Proz-Riond
Zöt,dt8,fa2,36.000000000000000,1941.250000000000000,145.000000000000000,1.650000000000000,1940.200000000000045,35.200000000000003,1967,1/1/1967,Zöt,Zöt,dt8,fa2,36.000000000000000,1941.250000000000000,145.000000000000000,1.650000000000000,1940.200000000000045,35.200000000000003,1967,1/1/1967,224,Zöt
Le Chalet,"dt5
",fa2,16.000000000000000,465.100000000000023,35.000000000000000,0.100000000000000,465.100000000000023,15.600000000000000,1894,1/1/1954,Le Chalet,Le Chalet,"dt5
",fa2,16.000000000000000,465.100000000000023,35.000000000000000,0.100000000000000,465.100000000000023,15.600000000000000,1894,1/1/1954,225,Le Chalet
